{ 
    "results" : [
        {
            "_id" : "Male", 
            "value" : {
                "count" : 4953.0, 
                "weight" : 70.01036947304667, 
                "height" : 166.7383827983042
            }
        }, 
        {
            "_id" : "Female", 
            "value" : {
                "count" : 4925.0, 
                "weight" : 70.11331573604069, 
                "height" : 166.81260913705572
            }
        }
    ], 
    "ok" : 1.0
}
